PG,Trae Young,8,"6' 0""",178,9/19/98,Atlanta Hawks
PG,Jeff Teague,0,"6' 2""",194,10/6/88,Atlanta Hawks
PG,Brandon Goodwin,0,"6' 0""",178,2/10/95,Atlanta Hawks
SG,Kevin Huerter,3,"6' 7""",189,8/27/98,Atlanta Hawks
SG,Treveon Graham,2,"6' 5""",222,10/28/93,Atlanta Hawks
SF,De'Andre Hunter,12,"6' 7""",224,2/12/97,Atlanta Hawks
SF,DeAndre' Bembry,95,"6' 5""",209,4/7/94,Atlanta Hawks
SF,Cam Reddish,22,"6' 7""",207,1/9/99,Atlanta Hawks
SF,Charlie Brown,4,"6' 5""",198,2/2/97,Atlanta Hawks
PF,John Collins,20,"6' 9""",233,9/23/97,Atlanta Hawks
PF,Vince Carter,15,"6' 5""",218,1/26/77,Atlanta Hawks
C,Clint Capela,15,"6' 9""",238,5/18/94,Atlanta Hawks
C,Dewayne Dedmon,13,"6' 11""",244,12/8/89,Atlanta Hawks
C,Skal Labissiere,17,"6' 9""",213,3/18/96,Atlanta Hawks
C,Bruno Fernando,24,"6' 9""",231,8/15/98,Atlanta Hawks
C,Damian Jones,30,"6' 11""",244,6/30/95,Atlanta Hawks
PG,Kemba Walker,8,"6' 0""",171,8/5/90,Boston Celtics
PG,Marcus Smart,36,"6' 2""",224,6/3/94,Boston Celtics
PG,Brad Wanamaker,9,"6' 2""",209,7/25/89,Boston Celtics
PG,Tremont Waters,51,"5' 10""",174,10/1/98,Boston Celtics
SG,Carsen Edwards,4,"5' 10""",198,12/3/98,Boston Celtics
SG,Romeo Langford,45,"6' 3""",213,10/25/99,Boston Celtics
SF,Jaylen Brown,7,"6' 5""",222,10/24/96,Boston Celtics
SF,Javonte Green,43,"6' 3""",218,7/23/93,Boston Celtics
PF,Jayson Tatum,0,"6' 7""",202,3/3/98,Boston Celtics
PF,Gordon Hayward,20,"6' 7""",205,3/23/90,Boston Celtics
PF,Grant Williams,12,"6' 5""",235,11/30/98,Boston Celtics
PF,Semi Ojeleye,37,"6' 5""",233,5/12/94,Boston Celtics
C,Daniel Theis,27,"6' 7""",213,4/4/92,Boston Celtics
C,Enes Kanter,11,"6' 9""",260,5/20/92,Boston Celtics
C,Robert Williams,44,"6' 7""",235,10/17/97,Boston Celtics
C,Tacko Fall,99,"7' 4""",310,10/12/95,Boston Celtics
C,Vincent Poirier,77,"6' 11""",233,10/17/93,Boston Celtics
PG,Kyrie Irving,11,"6' 2""",194,3/23/92,Brooklyn Nets
PG,Spencer Dinwiddie,26,"6' 5""",213,6/4/93,Brooklyn Nets
PG,Garrett Temple,17,"6' 5""",194,8/5/86,Brooklyn Nets
PG,Chris Chiozza,4,"5' 10""",174,11/21/95,Brooklyn Nets
PG,Jeremiah Martin,0,"6' 2""",182,6/19/96,Brooklyn Nets
SG,Theo Pinson,1,"6' 5""",211,5/11/95,Brooklyn Nets
SF,Caris LeVert,22,"6' 5""",202,8/25/94,Brooklyn Nets
SF,Joe Harris,12,"6' 5""",218,6/9/91,Brooklyn Nets
SF,Taurean Prince,2,"6' 7""",216,3/22/94,Brooklyn Nets
SF,Dzanan Musa,13,"6' 9""",216,8/5/99,Brooklyn Nets
SF,Timothe Luwawu-Cabarrot,9,"6' 7""",209,9/5/95,Brooklyn Nets
PF,Rodions Kurucs,0,"6' 9""",227,5/2/98,Brooklyn Nets
PF,Wilson Chandler,21,"6' 7""",233,10/5/87,Brooklyn Nets
PF,Nicolas Claxton,33,"6' 11""",213,4/17/99,Brooklyn Nets
PF,Kevin Durant,35,"6' 9""",238,9/29/88,Brooklyn Nets
C,Jarrett Allen,31,"6' 11""",235,4/21/98,Brooklyn Nets
C,DeAndre Jordan,6,"6' 11""",264,7/21/88,Brooklyn Nets
PG,Devonte' Graham,4,"6' 0""",182,2/22/95,Charlotte Hornets
PG,Terry Rozier,3,"6' 0""",189,3/17/94,Charlotte Hornets
PG,Kobi Simmons,3,"6' 5""",165,4/7/97,Charlotte Hornets
SG,Dwayne Bacon,7,"6' 5""",220,8/30/95,Charlotte Hornets
SG,Malik Monk,1,"6' 2""",198,4/2/98,Charlotte Hornets
SF,Miles Bridges,0,"6' 5""",224,3/21/98,Charlotte Hornets
SF,Nicolas Batum,5,"6' 9""",198,12/14/88,Charlotte Hornets
SF,Cody Martin,11,"6' 5""",202,9/28/95,Charlotte Hornets
SF,Caleb Martin,10,"6' 5""",202,9/28/95,Charlotte Hornets
PF,PJ Washington,25,"6' 7""",235,8/23/98,Charlotte Hornets
PF,Ray Spalding,26,"6' 9""",213,11/3/97,Charlotte Hornets
PF,Jalen McDaniels,6,"6' 9""",191,1/31/98,Charlotte Hornets
C,Bismack Biyombo,11,"6' 7""",253,8/28/92,Charlotte Hornets
C,Cody Zeller,40,"6' 11""",238,5/10/92,Charlotte Hornets
C,Willy Hernangomez,9,"6' 11""",238,5/27/94,Charlotte Hornets
PG,Zach LaVine,8,"6' 5""",180,10/3/95,Chicago Bulls
PG,Tomas Satoransky,31,"6' 7""",196,10/30/91,Chicago Bulls
PG,Kris Dunn,32,"6' 2""",202,3/18/94,Chicago Bulls
PG,Ryan Arcidiacono,51,"6' 2""",194,3/26/94,Chicago Bulls
PG,Shaquille Harrison,3,"6' 7""",189,6/10/93,Chicago Bulls
SG,Coby White,0,"6' 3""",182,2/16/00,Chicago Bulls
SG,Adam Mokoka,20,"6' 5""",189,7/18/98,Chicago Bulls
SG,Max Strus,28,"6' 5""",213,3/28/96,Chicago Bulls
SF,Otto Porter,22,"6' 7""",196,3/6/93,Chicago Bulls
SF,Denzel Valentine,45,"6' 3""",209,11/16/93,Chicago Bulls
SF,Chandler Hutchison,15,"6' 7""",194,4/26/96,Chicago Bulls
PF,Lauri Markkanen,24,"6' 11""",238,5/22/97,Chicago Bulls
PF,Thaddeus Young,21,"6' 7""",218,6/21/88,Chicago Bulls
C,Wendell Carter Jr.,34,"6' 9""",257,4/16/99,Chicago Bulls
C,Daniel Gafford,12,"6' 9""",233,1/10/98,Chicago Bulls
C,Luke Kornet,2,"7' 1""",238,7/15/95,Chicago Bulls
C,Cristiano Felicio,6,"6' 9""",268,7/7/92,Chicago Bulls
PG,Collin Sexton,2,"6' 0""",189,4/1/99,Cleveland Cavaliers
PG,Darius Garland,10,"6' 0""",174,1/26/00,Cleveland Cavaliers
PG,Dante Exum,1,"6' 5""",189,7/13/95,Cleveland Cavaliers
PG,Matthew Dellavedova,18,"6' 2""",198,8/9/90,Cleveland Cavaliers
SG,Matt Mooney,3,"6' 2""",198,7/2/97,Cleveland Cavaliers
SF,Cedi Osman,16,"6' 7""",213,8/4/95,Cleveland Cavaliers
SF,Kevin Porter Jr.,4,"6' 3""",213,4/5/00,Cleveland Cavaliers
SF,Alfonzo McKinnie,28,"6' 7""",213,9/17/92,Cleveland Cavaliers
PF,Dean Wade,32,"6' 9""",227,11/20/96,Cleveland Cavaliers
C,Andre Drummond,3,"6' 9""",277,10/8/93,Cleveland Cavaliers
C,Kevin Love,0,"6' 7""",213,7/9/88,Cleveland Cavaliers
C,Tristan Thompson,13,"6' 9""",235,3/13/91,Cleveland Cavaliers
C,Larry Nance Jr.,22,"6' 7""",229,1/1/93,Cleveland Cavaliers
C,Ante Zizic,41,"6' 9""",253,4/1/97,Cleveland Cavaliers
GF,Dylan Windler,,"6' 5""",194,9/22/96,Cleveland Cavaliers
PG,Luka Doncic,77,"6' 7""",216,2/28/99,Dallas Mavericks
PG,Seth Curry,31,"6' 2""",182,8/23/90,Dallas Mavericks
PG,Jalen Brunson,13,"6' 0""",189,8/31/96,Dallas Mavericks
PG,J.J. Barea,5,"5' 10""",182,6/26/84,Dallas Mavericks
PG,Delon Wright,55,"6' 5""",182,4/26/92,Dallas Mavericks
SG,Tim Hardaway Jr.,11,"6' 5""",202,3/16/92,Dallas Mavericks
SG,Courtney Lee,1,"6' 5""",213,3/10/85,Dallas Mavericks
SG,Josh Reaves,23,"6' 3""",213,4/6/97,Dallas Mavericks
SG,Antonius Cleveland,3,"6' 5""",194,2/2/94,Dallas Mavericks
PF,Kristaps Porzingis,6,"7' 3""",238,2/8/95,Dallas Mavericks
PF,Dorian Finney-Smith,10,"6' 7""",218,4/5/93,Dallas Mavericks
PF,Justin Jackson,44,"6' 7""",209,3/28/95,Dallas Mavericks
PF,Michael Kidd-Gilchrist,14,"6' 5""",231,9/26/93,Dallas Mavericks
C,Dwight Powell,7,"6' 9""",238,7/20/91,Dallas Mavericks
C,Maxi Kleber,42,"6' 9""",238,1/29/92,Dallas Mavericks
C,Boban Marjanovic,51,"7' 4""",288,8/15/88,Dallas Mavericks
C,Willie Cauley-Stein,33,"6' 11""",238,8/18/93,Dallas Mavericks
PG,Jamal Murray,27,"6' 3""",200,2/23/97,Denver Nuggets
PG,Jordan McRae,52,"6' 5""",178,3/28/91,Denver Nuggets
PG,Monte Morris,11,"6' 2""",174,6/27/95,Denver Nuggets
PG,PJ Dozier,35,"6' 5""",202,10/25/96,Denver Nuggets
SG,Gary Harris,14,"6' 3""",202,9/14/94,Denver Nuggets
SF,Will Barton,5,"6' 5""",174,6/1/91,Denver Nuggets
SF,Torrey Craig,3,"6' 7""",213,12/19/90,Denver Nuggets
SF,Keita Bates-Diop,6,"6' 7""",227,1/23/96,Denver Nuggets
SF,Vlatko Cancar,31,"6' 7""",209,10/4/97,Denver Nuggets
PF,Paul Millsap,4,"6' 7""",249,10/2/85,Denver Nuggets
PF,Michael Porter Jr.,1,"6' 9""",213,6/29/98,Denver Nuggets
PF,Jerami Grant,9,"6' 7""",213,12/3/94,Denver Nuggets
C,Nikola Jokic,15,"6' 11""",251,2/19/95,Denver Nuggets
C,Mason Plumlee,7,"6' 11""",235,5/3/90,Denver Nuggets
C,Noah Vonleh,1,"6' 9""",255,8/24/95,Denver Nuggets
C,Bol Bol,,"7' 1""",233,11/16/99,Denver Nuggets
PG,Stephen Curry,30,"6' 2""",189,3/14/88,Golden State Warriors
PG,Ky Bowman,12,"6' 0""",180,6/16/97,Golden State Warriors
PG,Jeremy Pargo,20,"6' 2""",218,3/17/86,Golden State Warriors
SG,Damion Lee,1,"6' 5""",209,10/21/92,Golden State Warriors
SG,Jordan Poole,3,"6' 3""",194,6/19/99,Golden State Warriors
SG,Klay Thompson,11,"6' 5""",213,8/2/90,Golden State Warriors
SG,Zach Norvell,21,"6' 5""",205,9/12/97,Golden State Warriors
SG,Mychal Mulder,,"6' 3""",182,12/6/94,Golden State Warriors
SF,Andrew Wiggins,22,"6' 7""",191,2/23/95,Golden State Warriors
SF,Juan Toscano-Anderson,95,"6' 5""",213,10/4/93,Golden State Warriors
PF,Draymond Green,23,"6' 5""",229,4/3/90,Golden State Warriors
PF,Marquese Chriss,32,"6' 9""",238,2/7/97,Golden State Warriors
PF,Eric Paschall,7,"6' 5""",253,4/11/96,Golden State Warriors
PF,Alen Smailagic,6,"6' 9""",213,8/18/00,Golden State Warriors
PF,Dragan Bender,17,"6' 11""",224,11/17/97,Golden State Warriors
C,Kevon Looney,5,"6' 9""",218,6/2/96,Golden State Warriors
PG,Langston Galloway,9,"6' 0""",198,9/12/91,Detroit Pistons
PG,Derrick Rose,25,"6' 2""",198,4/10/88,Detroit Pistons
PG,Brandon Knight,20,"6' 2""",194,2/12/91,Detroit Pistons
PG,Jordan Bone,18,"6' 2""",178,5/11/97,Detroit Pistons
SG,Luke Kennard,5,"6' 5""",205,6/24/96,Detroit Pistons
SG,Bruce Brown,6,"6' 3""",200,8/15/96,Detroit Pistons
SG,Khyri Thomas,13,"6' 2""",209,8/5/96,Detroit Pistons
SF,Sviatoslav Mykhailiuk,19,"6' 7""",202,10/6/97,Detroit Pistons
SF,Sekou Doumbouya,45,"6' 7""",207,12/23/00,Detroit Pistons
SF,Tony Snell,17,"6' 5""",211,10/11/91,Detroit Pistons
SF,Louis King,14,"6' 7""",194,6/4/99,Detroit Pistons
PF,Blake Griffin,23,"6' 9""",249,3/16/89,Detroit Pistons
PF,Christian Wood,35,"6' 9""",213,9/27/95,Detroit Pistons
C,Thon Maker,7,"6' 11""",220,2/25/97,Detroit Pistons
C,John Henson,31,"6' 9""",218,12/28/90,Detroit Pistons
PG,James Harden,13,"6' 5""",218,8/26/89,Houston Rockets
PG,Russell Westbrook,0,"6' 2""",198,12/11/88,Houston Rockets
PG,Eric Gordon,10,"6' 2""",213,12/25/88,Houston Rockets
PG,Austin Rivers,25,"6' 2""",198,1/8/92,Houston Rockets
SG,Ben McLemore,16,"6' 2""",194,11/2/93,Houston Rockets
SG,Chris Clemons,3,"5' 8""",178,7/23/97,Houston Rockets
SG,Michael Frazier,21,"6' 2""",198,8/3/94,Houston Rockets
SG,William Howard,52,"6' 7""",202,10/25/93,Houston Rockets
SF,Danuel House,4,"6' 5""",213,7/6/93,Houston Rockets
SF,Bruno Caboclo,5,"6' 9""",216,9/21/95,Houston Rockets
PF,Robert Covington,8,"6' 7""",209,12/14/90,Houston Rockets
PF,P.J. Tucker,17,"6' 5""",244,5/5/85,Houston Rockets
PF,Jeff Green,22,"6' 7""",233,8/28/86,Houston Rockets
PF,DeMarre Carroll,77,"6' 5""",213,7/27/86,Houston Rockets
PF,Thabo Sefolosha,18,"6' 5""",218,2/5/84,Houston Rockets
C,Isaiah Hartenstein,55,"6' 11""",246,5/5/98,Houston Rockets
C,Tyson Chandler,19,"6' 11""",238,2/10/82,Houston Rockets
PG,Victor Oladipo,4,"6' 3""",209,4/5/92,Indiana Pacers
PG,Malcolm Brogdon,7,"6' 5""",227,11/12/92,Indiana Pacers
PG,Aaron Holiday,3,"6' 0""",182,9/30/96,Indiana Pacers
PG,T.J. McConnell,9,"6' 0""",189,3/25/92,Indiana Pacers
PG,Edmond Sumner,5,"6' 3""",174,12/31/95,Indiana Pacers
SG,Justin Holiday,8,"6' 5""",180,5/4/89,Indiana Pacers
SG,Brian Bowen,10,"6' 5""",189,2/10/98,Indiana Pacers
SG,Naz Mitrou-Long,15,"6' 2""",216,3/8/93,Indiana Pacers
SF,T.J. Warren,1,"6' 7""",213,5/9/93,Indiana Pacers
SF,Jeremy Lamb,26,"6' 5""",182,5/30/92,Indiana Pacers
SF,JaKarr Sampson,14,"6' 7""",213,3/20/93,Indiana Pacers
PF,T.J. Leaf,22,"6' 9""",224,4/30/97,Indiana Pacers
PF,Doug McDermott,20,"6' 7""",224,3/1/92,Indiana Pacers
PF,Alize Johnson,24,"6' 7""",211,4/22/96,Indiana Pacers
C,Domantas Sabonis,11,"6' 11""",238,3/5/96,Indiana Pacers
C,Myles Turner,33,"6' 11""",249,3/24/96,Indiana Pacers
C,Goga Bitadze,88,"6' 11""",244,7/20/99,Indiana Pacers
PG,Reggie Jackson,1,"6' 2""",207,4/16/90,Los Angeles Clippers
PG,Patrick Beverley,21,"6' 0""",182,12/7/88,Los Angeles Clippers
PG,Lou Williams,23,"6' 0""",174,10/27/86,Los Angeles Clippers
SG,Landry Shamet,20,"6' 3""",187,3/13/97,Los Angeles Clippers
SG,Rodney McGruder,19,"6' 3""",198,7/29/91,Los Angeles Clippers
SG,Terance Mann,14,"6' 5""",213,10/18/96,Los Angeles Clippers
SG,Amir Coffey,7,"6' 7""",202,6/17/97,Los Angeles Clippers
SF,Kawhi Leonard,2,"6' 7""",229,6/29/91,Los Angeles Clippers
SF,Paul George,13,"6' 7""",218,2/5/90,Los Angeles Clippers
PF,Marcus Morris,31,"6' 7""",233,2/9/89,Los Angeles Clippers
PF,JaMychal Green,4,"6' 7""",224,6/21/90,Los Angeles Clippers
PF,Patrick Patterson,54,"6' 7""",229,3/14/89,Los Angeles Clippers
PF,Johnathan Motley,15,"6' 7""",229,4/5/95,Los Angeles Clippers
C,Ivica Zubac,40,"6' 11""",238,3/18/97,Los Angeles Clippers
C,Montrezl Harrell,5,"6' 7""",238,1/26/94,Los Angeles Clippers
C,Mfiondu Kabengele,25,"6' 9""",249,8/14/97,Los Angeles Clippers
PG,Avery Bradley,11,"6' 2""",178,11/26/90,Los Angeles Lakers
PG,Rajon Rondo,9,"6' 0""",185,2/22/86,Los Angeles Lakers
PG,Quinn Cook,28,"6' 0""",178,3/23/93,Los Angeles Lakers
PG,Alex Caruso,4,"6' 5""",185,2/28/94,Los Angeles Lakers
SG,Danny Green,14,"6' 5""",213,6/22/87,Los Angeles Lakers
SG,K. Caldwell-Pope,1,"6' 5""",202,2/18/93,Los Angeles Lakers
SG,Troy Daniels,30,"6' 3""",202,7/15/91,Los Angeles Lakers
SG,Talen Horton-Tucker,5,"6' 3""",233,11/25/00,Los Angeles Lakers
PF,LeBron James,23,"6' 9""",249,12/30/84,Los Angeles Lakers
PF,Kyle Kuzma,0,"6' 7""",218,7/24/95,Los Angeles Lakers
PF,Jared Dudley,10,"6' 5""",235,10/7/85,Los Angeles Lakers
PF,Markieff Morris,88,"6' 7""",244,2/9/89,Los Angeles Lakers
PF,Kostas Antetokounmpo,37,"6' 9""",198,11/20/97,Los Angeles Lakers
PF,Devontae Cacok,,"6' 7""",238,8/10/96,Los Angeles Lakers
C,Anthony Davis,3,"6' 9""",251,11/3/93,Los Angeles Lakers
C,JaVale McGee,7,"6' 11""",268,1/19/88,Los Angeles Lakers
C,Dwight Howard,39,"6' 9""",264,8/12/85,Los Angeles Lakers
PG,Ja Morant,12,"6' 2""",174,10/8/99,Memphis Grizzlies
PG,Tyus Jones,21,"6' 0""",194,10/5/96,Memphis Grizzlies
PG,De'Anthony Melton,0,"6' 2""",198,5/28/98,Memphis Grizzlies
SG,Grayson Allen,3,"6' 3""",196,8/10/95,Memphis Grizzlies
SG,John Konchar,46,"6' 5""",209,3/22/96,Memphis Grizzlies
SG,Marko Guduric,23,"6' 5""",200,8/3/95,Memphis Grizzlies
SF,Dillon Brooks,24,"6' 7""",218,1/22/96,Memphis Grizzlies
SF,Josh Jackson,20,"6' 7""",205,10/2/97,Memphis Grizzlies
SF,Yuta Watanabe,18,"6' 7""",202,10/13/94,Memphis Grizzlies
PF,Justise Winslow,20,"6' 5""",224,3/26/96,Memphis Grizzlies
PF,Brandon Clarke,15,"6' 7""",209,9/19/96,Memphis Grizzlies
PF,Kyle Anderson,1,"6' 9""",229,9/20/93,Memphis Grizzlies
PF,Anthony Tolliver,43,"6' 7""",238,1/6/85,Memphis Grizzlies
C,Jonas Valanciunas,17,"6' 11""",264,6/5/92,Memphis Grizzlies
C,Jaren Jackson Jr.,13,"6' 11""",240,9/15/99,Memphis Grizzlies
C,Gorgui Dieng,5,"6' 9""",251,1/18/90,Memphis Grizzlies
C,Jordan Bell,7,"6' 7""",213,7/1/95,Memphis Grizzlies
PG,Goran Dragic,7,"6' 2""",189,6/5/86,Miami Heat
PG,Gabe Vincent,2,"6' 2""",198,6/14/96,Miami Heat
SG,Kendrick Nunn,25,"6' 2""",189,3/8/95,Miami Heat
SG,Tyler Herro,14,"6' 5""",198,1/20/00,Miami Heat
SF,Jimmy Butler,22,"6' 7""",229,9/14/89,Miami Heat
SF,Derrick Jones Jr.,5,"6' 5""",209,2/15/97,Miami Heat
SF,Andre Iguodala,28,"6' 5""",213,1/28/84,Miami Heat
SF,Jae Crowder,99,"6' 5""",233,6/7/90,Miami Heat
SF,Solomon Hill,44,"6' 5""",224,3/18/91,Miami Heat
SF,KZ Okpala,4,"6' 7""",213,4/28/99,Miami Heat
PF,Duncan Robinson,55,"6' 7""",213,4/22/94,Miami Heat
PF,Chris Silva,30,"6' 7""",229,9/19/96,Miami Heat
PF,Kyle Alexander,45,"6' 11""",220,10/21/96,Miami Heat
C,Bam Adebayo,13,"6' 9""",253,7/18/97,Miami Heat
C,Meyers Leonard,0,"6' 11""",257,2/27/92,Miami Heat
C,Kelly Olynyk,9,"6' 11""",238,4/19/91,Miami Heat
C,Udonis Haslem,40,"6' 7""",233,9/6/80,Miami Heat
PG,Eric Bledsoe,6,"6' 0""",202,9/12/89,Milwaukee Bucks
PG,George Hill,3,"6' 2""",187,4/5/86,Milwaukee Bucks
PG,Frank Mason III,15,"5' 10""",189,3/4/94,Milwaukee Bucks
SG,Donte DiVincenzo,0,"6' 3""",202,1/31/97,Milwaukee Bucks
SG,Pat Connaughton,24,"6' 5""",207,6/1/93,Milwaukee Bucks
SG,Cameron Reynolds,13,"6' 7""",224,7/2/95,Milwaukee Bucks
SF,Khris Middleton,22,"6' 7""",220,12/8/91,Milwaukee Bucks
SF,Wesley Matthews,9,"6' 3""",218,10/14/86,Milwaukee Bucks
SF,Sterling Brown,23,"6' 5""",231,10/2/95,Milwaukee Bucks
SF,Thanasis Antetokounmpo,43,"6' 5""",202,7/18/92,Milwaukee Bucks
PF,Giannis Antetokounmpo,34,"6' 11""",240,6/12/94,Milwaukee Bucks
PF,Ersan Ilyasova,7,"6' 9""",233,5/15/87,Milwaukee Bucks
PF,Marvin Williams,2,"6' 7""",235,6/19/86,Milwaukee Bucks
PF,D.J. Wilson,5,"6' 9""",229,2/19/96,Milwaukee Bucks
PF,Kyle Korver,26,"6' 7""",211,3/17/81,Milwaukee Bucks
C,Brook Lopez,11,"6' 11""",268,1/4/88,Milwaukee Bucks
C,Robin Lopez,42,"6' 11""",273,1/4/88,Milwaukee Bucks
PG,D'Angelo Russell,0,"6' 3""",196,2/23/96,Minnesota Timberwolves
PG,Jordan McLaughlin,6,"5' 10""",169,9/4/96,Minnesota Timberwolves
PG,Evan Turner,1,"6' 5""",218,10/27/88,Minnesota Timberwolves
SG,Jarrett Culver,23,"6' 5""",194,2/20/99,Minnesota Timberwolves
SG,Josh Okogie,20,"6' 3""",211,1/9/98,Minnesota Timberwolves
SG,Malik Beasley,5,"6' 3""",196,11/26/96,Minnesota Timberwolves
SG,Jacob Evans,12,"6' 3""",209,6/18/97,Minnesota Timberwolves
SG,Allen Crabbe,9,"6' 5""",211,9/4/92,Minnesota Timberwolves
SG,Jaylen Nowell,4,"6' 3""",194,9/7/99,Minnesota Timberwolves
SF,Kelan Martin,30,"6' 5""",233,3/8/95,Minnesota Timberwolves
PF,Juan Hernangomez,41,"6' 9""",218,9/28/95,Minnesota Timberwolves
PF,Omari Spellman,4,"6' 7""",244,7/21/97,Minnesota Timberwolves
PF,Jarred Vanderbilt,3,"6' 9""",213,3/4/99,Minnesota Timberwolves
PF,James Johnson,16,"6' 7""",238,2/20/87,Minnesota Timberwolves
PF,Jake Layman,10,"6' 7""",207,7/3/94,Minnesota Timberwolves
C,Karl-Anthony Towns,24,"6' 11""",246,11/15/95,Minnesota Timberwolves
C,Naz Reid,11,"6' 9""",262,8/26/99,Minnesota Timberwolves
PG,Lonzo Ball,2,"6' 5""",189,10/27/97,New Orleans Pelicans
PG,Jrue Holiday,11,"6' 2""",202,12/6/90,New Orleans Pelicans
PG,E'Twaun Moore,55,"6' 2""",189,2/25/89,New Orleans Pelicans
PG,Frank Jackson,15,"6' 2""",202,4/5/98,New Orleans Pelicans
PG,J.J. Redick,4,"6' 2""",198,6/24/84,New Orleans Pelicans
PG,Josh Gray,5,"6' 0""",178,9/9/93,New Orleans Pelicans
SG,N. Alexander-Walker,0,"6' 5""",202,2/9/98,New Orleans Pelicans
SF,Josh Hart,3,"6' 5""",213,6/3/95,New Orleans Pelicans
SF,Darius Miller,21,"6' 5""",224,3/21/90,New Orleans Pelicans
SF,Zylan Cheatham,45,"6' 5""",218,11/17/95,New Orleans Pelicans
PF,Brandon Ingram,14,"6' 7""",189,2/9/97,New Orleans Pelicans
PF,Zion Williamson,1,"6' 5""",284,6/7/00,New Orleans Pelicans
PF,Kenrich Williams,34,"6' 5""",209,2/12/94,New Orleans Pelicans
C,Derrick Favors,22,"6' 9""",264,7/15/91,New Orleans Pelicans
C,Jahlil Okafor,9,"6' 9""",273,12/15/95,New Orleans Pelicans
C,Nicolo Melli,20,"6' 9""",233,1/26/91,New Orleans Pelicans
C,Jaxson Hayes,10,"6' 11""",218,5/23/00,New Orleans Pelicans
PG,Elfrid Payton,6,"6' 2""",182,2/22/94,New York Knicks
PG,Frank Ntilikina,11,"6' 3""",189,7/28/98,New York Knicks
PG,Dennis Smith Jr.,5,"6' 2""",194,11/25/97,New York Knicks
PG,Allonzo Trier,14,"6' 3""",198,1/17/96,New York Knicks
PG,Kadeem Allen,0,"6' 0""",198,1/15/93,New York Knicks
SG,RJ Barrett,9,"6' 5""",200,6/14/00,New York Knicks
SG,Wayne Ellington,2,"6' 3""",198,11/29/87,New York Knicks
SG,Damyean Dotson,21,"6' 5""",200,6/5/94,New York Knicks
SF,Maurice Harkless,8,"6' 7""",218,11/5/93,New York Knicks
SF,Reggie Bullock,25,"6' 5""",198,3/16/91,New York Knicks
SF,Ignas Brazdeikis,17,"6' 5""",213,8/1/99,New York Knicks
PF,Kevin Knox,20,"6' 7""",213,11/8/99,New York Knicks
PF,Kenny Wooten,45,"6' 9""",218,4/17/98,New York Knicks
C,Julius Randle,30,"6' 7""",249,11/29/94,New York Knicks
C,Mitchell Robinson,23,"6' 11""",222,1/4/98,New York Knicks
C,Bobby Portis,1,"6' 9""",244,10/2/95,New York Knicks
C,Taj Gibson,67,"6' 9""",224,6/24/85,New York Knicks
PG,Chris Paul,3,"6' 0""",174,6/5/85,Oklahoma City Thunder
PG,Shai Gilgeous-Alexander,2,"6' 5""",180,12/7/98,Oklahoma City Thunder
PG,Dennis Schroder,17,"6' 0""",171,9/15/93,Oklahoma City Thunder
SG,Luguentz Dort,5,"6' 2""",213,4/19/99,Oklahoma City Thunder
SG,Deonte Burton,30,"6' 3""",238,1/31/94,Oklahoma City Thunder
SF,Terrance Ferguson,23,"6' 5""",189,5/17/98,Oklahoma City Thunder
SF,Andre Roberson,21,"6' 7""",209,4/12/91,Oklahoma City Thunder
SF,Hamidou Diallo,6,"6' 5""",200,7/31/98,Oklahoma City Thunder
SF,Abdel Nader,11,"6' 5""",224,9/25/93,Oklahoma City Thunder
SF,Isaiah Roby,22,"6' 7""",229,3/2/98,Oklahoma City Thunder
PF,Danilo Gallinari,8,"6' 9""",231,8/8/88,Oklahoma City Thunder
PF,Darius Bazley,7,"6' 7""",207,12/6/00,Oklahoma City Thunder
PF,Kevin Hervey,15,"6' 9""",229,9/7/96,Oklahoma City Thunder
C,Steven Adams,12,"6' 11""",264,7/20/93,Oklahoma City Thunder
C,Nerlens Noel,9,"6' 9""",218,10/4/94,Oklahoma City Thunder
C,Mike Muscala,33,"6' 9""",238,1/7/91,Oklahoma City Thunder
PG,Markelle Fultz,20,"6' 2""",198,5/29/98,Orlando Magic
PG,D.J. Augustin,14,"5' 10""",182,10/11/87,Orlando Magic
PG,Michael Carter-Williams,7,"6' 5""",189,10/10/91,Orlando Magic
SG,Melvin Frazier,35,"6' 5""",198,8/30/96,Orlando Magic
SF,Evan Fournier,10,"6' 7""",202,10/29/92,Orlando Magic
SF,Terrence Ross,31,"6' 5""",205,5/2/91,Orlando Magic
SF,Wesley Iwundu,25,"6' 5""",194,12/20/94,Orlando Magic
SF,James Ennis,11,"6' 5""",209,1/7/90,Orlando Magic
SF,Vic Law,23,"6' 7""",198,12/19/95,Orlando Magic
SF,B.J. Johnson,13,"6' 7""",198,12/21/95,Orlando Magic
PF,Jonathan Isaac,1,"6' 11""",209,3/10/97,Orlando Magic
PF,Aaron Gordon,0,"6' 7""",218,9/16/95,Orlando Magic
PF,Al-Farouq Aminu,2,"6' 7""",218,9/21/90,Orlando Magic
PF,Gary Clark,12,"6' 5""",224,11/16/94,Orlando Magic
C,Nikola Vucevic,9,"6' 11""",257,10/24/90,Orlando Magic
C,Khem Birch,24,"6' 9""",231,9/28/92,Orlando Magic
C,Mohamed Bamba,5,"6' 11""",240,12/5/98,Orlando Magic
PG,Ben Simmons,25,"6' 9""",229,7/20/96,Philadelphia 76ers
PG,Raul Neto,19,"6' 0""",178,5/19/92,Philadelphia 76ers
SG,Shake Milton,18,"6' 5""",205,9/26/96,Philadelphia 76ers
SG,Zhaire Smith,5,"6' 2""",198,4/6/99,Philadelphia 76ers
SG,Furkan Korkmaz,30,"6' 7""",189,7/24/97,Philadelphia 76ers
SG,Alec Burks,20,"6' 5""",213,7/20/91,Philadelphia 76ers
SG,Matisse Thybulle,22,"6' 5""",198,4/3/97,Philadelphia 76ers
SG,Marial Shayok,35,"6' 5""",194,7/26/95,Philadelphia 76ers
SF,Josh Richardson,0,"6' 5""",198,9/15/93,Philadelphia 76ers
SF,Glenn Robinson III,40,"6' 5""",220,8/1/94,Philadelphia 76ers
PF,Tobias Harris,12,"6' 7""",233,7/15/92,Philadelphia 76ers
PF,Mike Scott,1,"6' 7""",235,7/16/88,Philadelphia 76ers
C,Joel Embiid,24,"6' 11""",249,3/16/94,Philadelphia 76ers
C,Al Horford,42,"6' 9""",244,3/6/86,Philadelphia 76ers
C,Kyle O'Quinn,9,"6' 9""",249,3/26/90,Philadelphia 76ers
C,Norvel Pelle,14,"6' 9""",213,3/2/93,Philadelphia 76ers
PG,Ricky Rubio,11,"6' 2""",189,10/21/90,Phoenix Suns
PG,Jevon Carter,4,"6' 0""",194,9/14/95,Phoenix Suns
PG,Elie Okobo,2,"6' 2""",189,10/23/97,Phoenix Suns
PG,Ty Jerome,10,"6' 5""",194,8/7/97,Phoenix Suns
PG,Jalen Lecque,0,"6' 2""",182,6/13/00,Phoenix Suns
PG,Jared Harper,12,"5' 10""",174,9/14/97,Phoenix Suns
SG,Devin Booker,1,"6' 5""",209,10/30/96,Phoenix Suns
SF,Kelly Oubre Jr.,3,"6' 7""",202,9/12/95,Phoenix Suns
SF,Mikal Bridges,25,"6' 5""",209,8/30/96,Phoenix Suns
PF,Dario Saric,20,"6' 9""",224,8/4/94,Phoenix Suns
PF,Cameron Johnson,23,"6' 7""",202,3/3/96,Phoenix Suns
PF,Tariq Owens,41,"6' 9""",202,6/30/95,Phoenix Suns
C,Deandre Ayton,22,"6' 11""",249,7/23/98,Phoenix Suns
C,Aron Baynes,46,"6' 9""",257,9/12/86,Phoenix Suns
C,Cheick Diallo,14,"6' 7""",218,9/13/96,Phoenix Suns
C,Frank Kaminsky,8,"6' 11""",238,4/4/93,Phoenix Suns
PG,Damian Lillard,0,"6' 2""",194,7/15/90,Portland Trail Blazers
SG,CJ McCollum,3,"6' 2""",196,9/19/91,Portland Trail Blazers
SG,Gary Trent Jr.,2,"6' 5""",207,1/18/99,Portland Trail Blazers
SG,Anfernee Simons,1,"6' 2""",180,8/6/99,Portland Trail Blazers
SF,Trevor Ariza,8,"6' 7""",213,6/30/85,Portland Trail Blazers
SF,Rodney Hood,5,"6' 7""",207,10/20/92,Portland Trail Blazers
SF,Jaylen Hoard,6,"6' 7""",213,3/30/99,Portland Trail Blazers
PF,Carmelo Anthony,0,"6' 7""",238,5/29/84,Portland Trail Blazers
PF,Mario Hezonja,44,"6' 7""",200,2/25/95,Portland Trail Blazers
PF,Nassir Little,9,"6' 5""",218,11/2/00,Portland Trail Blazers
PF,Caleb Swanigan,50,"6' 9""",257,4/18/97,Portland Trail Blazers
PF,Wenyen Gabriel,35,"6' 9""",218,3/26/97,Portland Trail Blazers
C,Hassan Whiteside,21,"6' 11""",233,6/13/89,Portland Trail Blazers
C,Jusuf Nurkic,27,"6' 11""",279,8/23/94,Portland Trail Blazers
C,Zach Collins,33,"6' 11""",231,11/19/97,Portland Trail Blazers
C,Moses Brown,4,"7' 1""",244,10/13/99,Portland Trail Blazers
PG,De'Aaron Fox,5,"6' 2""",182,12/20/97,Sacramento Kings
PG,Cory Joseph,9,"6' 2""",198,8/20/91,Sacramento Kings
PG,Yogi Ferrell,3,"6' 0""",178,9/5/93,Sacramento Kings
SG,Buddy Hield,24,"6' 3""",218,12/17/92,Sacramento Kings
SG,Bogdan Bogdanovic,8,"6' 5""",218,8/18/92,Sacramento Kings
SG,Justin James,10,"6' 7""",189,1/24/97,Sacramento Kings
SG,Kyle Guy,7,"6' 0""",169,11/8/97,Sacramento Kings
SG,DaQuan Jeffries,19,"6' 5""",213,8/30/97,Sacramento Kings
SF,Kent Bazemore,26,"6' 3""",194,1/7/89,Sacramento Kings
PF,Harrison Barnes,40,"6' 7""",224,5/30/92,Sacramento Kings
PF,Marvin Bagley III,35,"6' 11""",238,3/14/99,Sacramento Kings
PF,Nemanja Bjelica,88,"6' 9""",233,9/5/88,Sacramento Kings
PF,Harry Giles,20,"6' 11""",238,4/22/98,Sacramento Kings
PF,Jabari Parker,5,"6' 7""",244,3/15/95,Sacramento Kings
C,Richaun Holmes,22,"6' 9""",238,10/15/93,Sacramento Kings
C,Alex Len,25,"6' 11""",249,6/16/93,Sacramento Kings
PG,Dejounte Murray,5,"6' 3""",169,9/19/96,San Antonio Spurs
PG,Patty Mills,8,"6' 0""",178,11/8/88,San Antonio Spurs
PG,Derrick White,4,"6' 3""",189,2/7/94,San Antonio Spurs
SG,Bryn Forbes,11,"6' 2""",189,7/23/93,San Antonio Spurs
SG,Lonnie Walker,1,"6' 5""",202,12/14/98,San Antonio Spurs
SG,Quinndary Weatherspoon,15,"6' 2""",205,10/9/96,San Antonio Spurs
SF,DeMar DeRozan,10,"6' 5""",218,7/8/89,San Antonio Spurs
SF,Keldon Johnson,3,"6' 5""",209,11/10/99,San Antonio Spurs
SF,Marco Belinelli,18,"6' 5""",209,3/25/86,San Antonio Spurs
PF,Rudy Gay,22,"6' 7""",229,8/17/86,San Antonio Spurs
PF,Trey Lyles,41,"6' 9""",233,5/11/95,San Antonio Spurs
PF,Chimezie Metu,7,"6' 9""",224,3/22/97,San Antonio Spurs
PF,Luka Samanic,,"6' 9""",224,9/1/00,San Antonio Spurs
PF,Drew Eubanks,14,"6' 9""",244,1/2/97,San Antonio Spurs
C,LaMarcus Aldridge,12,"6' 11""",257,7/19/85,San Antonio Spurs
C,Jakob Poltl,25,"7' 1""",229,10/15/95,San Antonio Spurs
PG,Kyle Lowry,7,"6' 0""",194,3/25/86,Toronto Raptors
PG,Fred VanVleet,23,"6' 0""",194,2/25/94,Toronto Raptors
SG,Norman Powell,24,"6' 2""",213,5/25/93,Toronto Raptors
SG,Terence Davis,0,"6' 3""",202,5/16/97,Toronto Raptors
SG,Matt Thomas,21,"6' 3""",189,4/8/94,Toronto Raptors
SF,OG Anunoby,3,"6' 7""",231,7/17/97,Toronto Raptors
SF,Patrick McCaw,22,"6' 7""",182,10/25/95,Toronto Raptors
SF,Rondae Hollis-Jefferson,4,"6' 5""",216,3/1/95,Toronto Raptors
SF,Malcolm Miller,13,"6' 7""",209,6/3/93,Toronto Raptors
SF,Oshae Brissett,12,"6' 7""",209,6/20/98,Toronto Raptors
SF,Paul Watson,1,"6' 7""",213,12/30/94,Toronto Raptors
PF,Pascal Siakam,43,"6' 9""",229,2/4/94,Toronto Raptors
PF,Stanley Johnson,5,"6' 5""",244,5/29/96,Toronto Raptors
PF,Chris Boucher,25,"6' 9""",198,11/1/93,Toronto Raptors
C,Marc Gasol,33,"6' 11""",253,1/29/85,Toronto Raptors
C,Serge Ibaka,9,"6' 11""",233,9/18/89,Toronto Raptors
C,Dewan Hernandez,20,"6' 9""",233,9/12/96,Toronto Raptors
PG,Mike Conley,10,"6' 0""",174,11/10/87,Utah Jazz
PG,Jordan Clarkson,0,"6' 3""",191,7/6/92,Utah Jazz
PG,Emmanuel Mudiay,15,"6' 2""",198,5/3/96,Utah Jazz
PG,Justin Wright-Foreman,,"6' 0""",189,10/27/97,Utah Jazz
PG,Nigel Williams-Goss,0,"6' 2""",189,9/16/94,Utah Jazz
SG,Donovan Mitchell,45,"6' 0""",213,7/9/96,Utah Jazz
SG,Miye Oni,24,"6' 5""",205,4/8/97,Utah Jazz
SG,Rayjon Tucker,6,"6' 5""",209,9/24/97,Utah Jazz
SF,Bojan Bogdanovic,44,"6' 7""",213,4/18/89,Utah Jazz
PF,Joe Ingles,2,"6' 7""",224,2/10/87,Utah Jazz
PF,Royce O'Neale,23,"6' 3""",224,5/6/93,Utah Jazz
PF,Jarrell Brantley,5,"6' 5""",249,7/6/96,Utah Jazz
PF,Georges Niang,31,"6' 7""",229,6/17/93,Utah Jazz
PF,Juwan Morgan,16,"6' 7""",231,4/17/97,Utah Jazz
C,Rudy Gobert,27,"7' 1""",244,6/26/92,Utah Jazz
C,Ed Davis,17,"6' 9""",224,5/6/89,Utah Jazz
C,Tony Bradley,13,"6' 9""",246,8/1/98,Utah Jazz
PG,Ish Smith,4,"6' 0""",174,5/7/88,Washington Wizards
PG,Shabazz Napier,5,"6' 0""",174,7/14/91,Washington Wizards
PG,Isaac Bonga,17,"6' 7""",178,8/11/99,Washington Wizards
PG,John Wall,2,"6' 3""",209,6/9/90,Washington Wizards
PG,Gary Payton II,20,"6' 2""",189,1/12/92,Washington Wizards
SG,Bradley Beal,3,"6' 2""",205,6/28/93,Washington Wizards
SG,Garrison Mathews,24,"6' 5""",213,10/24/96,Washington Wizards
SG,Jerome Robinson,12,"6' 3""",189,2/22/97,Washington Wizards
SF,Troy Brown Jr.,6,"6' 5""",213,7/28/99,Washington Wizards
SF,Admiral Schofield,1,"6' 5""",240,3/30/97,Washington Wizards
PF,Rui Hachimura,8,"6' 7""",229,8/2/98,Washington Wizards
PF,Davis Bertans,42,"6' 9""",224,12/11/92,Washington Wizards
C,Thomas Bryant,13,"6' 9""",246,7/31/97,Washington Wizards
C,Moritz Wagner,21,"6' 11""",244,4/26/97,Washington Wizards
C,Ian Mahinmi,28,"6' 11""",260,5/11/86,Washington Wizards
C,Johnathan Williams,19,"6' 9""",227,5/22/95,Washington Wizards
C,Anzejs Pasecniks,18,"7' 1""",218,12/20/95,Washington Wizards